ride_id,vehicle_type,distance_traveled,distance_unit,ride_duration,start_time,finalized
307840928,Hatchback,13.7,km,26 minutes,2024-12-23T21:34:41Z,false
143950167,Coupe,4.1,miles,23 minutes,2024-03-09T18:35:12Z,true
298620717,Van,11.2,miles,12 minutes,2024-06-14T20:23:30Z,true
232338893,Van,8.0,miles,27 minutes,2024-06-15T13:20:16Z,true
314353835,SUV,15.8,miles,60 minutes,2024-06-22T01:17:23Z,false
717873243,Hatchback,11.6,miles,54 minutes,2024-10-14T13:33:08Z,true
222267143,Van,13.2,miles,22 minutes,2024-03-16T13:59:10Z,true
244635121,Van,17.7,km,56 minutes,2024-06-15T20:19:13Z,false
196450707,SUV,14.0,miles,21 minutes,2024-12-26T21:35:06Z,false
164005481,Van,11.6,miles,52 minutes,2024-01-16T04:28:49Z,true
804469677,Sedan,22.1,km,35 minutes,2024-11-12T23:30:02Z,true
299403390,Hatchback,15.1,miles,26 minutes,2024-11-04T09:00:53Z,false
234337944,Hatchback,18.2,km,23 minutes,2024-01-05T08:27:38Z,true
337455868,Coupe,7.8,km,23 minutes,2024-10-11T17:18:13Z,false
441213182,Sedan,16.2,km,36 minutes,2024-09-28T04:43:17Z,true
132308021,SUV,5.6,km,18 minutes,2024-11-15T05:30:34Z,false
116360002,Hatchback,9.5,miles,59 minutes,2024-03-22T06:14:59Z,true
831124147,Coupe,25.0,km,58 minutes,2024-01-27T01:09:48Z,false
130260682,Van,8.2,miles,55 minutes,2024-05-14T02:49:49Z,false
685294237,Coupe,5.7,miles,59 minutes,2024-10-23T12:04:16Z,true
189046952,Hatchback,4.9,miles,18 minutes,2024-11-23T06:26:55Z,true
233081006,Coupe,14.5,miles,37 minutes,2024-06-19T13:34:58Z,false
300833251,Hatchback,6.5,km,53 minutes,2024-12-27T07:45:33Z,true
221060781,Van,4.6,miles,38 minutes,2024-02-18T22:44:21Z,false
107557395,Coupe,10.8,miles,50 minutes,2024-05-19T13:03:05Z,false
745169493,SUV,12.8,miles,43 minutes,2024-11-19T07:45:41Z,false
215149395,SUV,3.7,miles,13 minutes,2024-08-14T02:36:46Z,true
819919861,Coupe,13.4,miles,16 minutes,2024-06-03T23:39:02Z,false
205308714,Sedan,11.0,km,58 minutes,2024-12-11T23:34:32Z,true
271495858,SUV,29.1,km,19 minutes,2024-02-17T17:46:26Z,false
256310286,Sedan,6.5,km,41 minutes,2024-05-04T17:11:02Z,false
190548523,Sedan,9.4,km,46 minutes,2024-06-01T08:13:21Z,false
167132466,SUV,4.3,miles,50 minutes,2024-08-24T19:20:28Z,true
629783073,SUV,27.8,km,11 minutes,2024-07-10T10:11:20Z,false
325961398,Coupe,6.0,miles,57 minutes,2024-12-10T08:54:57Z,true
202721269,Coupe,21.4,km,41 minutes,2024-11-14T01:16:16Z,false
132717045,Van,17.7,km,60 minutes,2024-02-20T00:20:59Z,false
111280912,Coupe,12.6,miles,28 minutes,2024-04-24T11:45:23Z,true
563317069,Van,26.6,km,14 minutes,2024-09-15T03:56:56Z,true
183049635,SUV,13.6,km,16 minutes,2024-03-13T13:51:10Z,true
179213919,Van,27.9,km,11 minutes,2024-12-30T11:30:08Z,true
181005049,Coupe,19.8,km,41 minutes,2024-08-08T09:28:37Z,false
303155395,Hatchback,9.2,miles,23 minutes,2024-08-30T07:52:44Z,true
138071751,Hatchback,28.1,km,35 minutes,2024-03-13T02:12:34Z,false
241807988,Van,10.3,miles,25 minutes,2024-05-15T15:43:39Z,true
472539015,Van,28.6,km,19 minutes,2024-07-03T15:49:07Z,true
299912819,Hatchback,14.5,miles,49 minutes,2024-08-10T04:33:35Z,false
156193003,SUV,12.2,miles,10 minutes,2024-04-25T11:11:26Z,false
124624289,Coupe,8.3,miles,47 minutes,2024-11-28T20:44:03Z,false
463840754,Hatchback,12.5,km,27 minutes,2024-07-19T08:08:09Z,true
287264715,Coupe,10.1,km,57 minutes,2024-05-06T09:09:47Z,false
115136948,SUV,9.0,miles,40 minutes,2024-09-26T14:58:54Z,false
662894253,SUV,8.7,km,15 minutes,2024-01-15T09:05:47Z,true
123497582,SUV,13.7,miles,26 minutes,2024-01-12T10:01:29Z,false
181844103,Sedan,24.1,km,42 minutes,2024-08-23T19:16:22Z,false
158405776,Van,5.9,miles,13 minutes,2024-11-15T14:21:07Z,false
232144573,Van,14.3,miles,39 minutes,2024-01-31T00:17:21Z,false
764929825,Hatchback,7.3,km,31 minutes,2024-06-16T18:19:07Z,true
111004898,Van,5.6,miles,39 minutes,2024-12-03T11:00:41Z,true
242613706,Hatchback,25.0,km,15 minutes,2024-08-21T12:16:58Z,true
187501390,Hatchback,20.6,km,18 minutes,2024-09-04T08:11:21Z,true
186492801,Coupe,15.7,miles,38 minutes,2024-02-02T12:48:28Z,false
824812939,Van,24.9,km,56 minutes,2024-08-10T00:01:59Z,true
181582749,Coupe,7.1,km,38 minutes,2024-02-09T08:38:42Z,true
303567111,Van,16.6,km,45 minutes,2024-07-15T07:04:31Z,true
185625101,SUV,9.2,miles,59 minutes,2024-05-23T23:03:32Z,false
228814946,Hatchback,21.5,km,53 minutes,2024-05-29T07:06:58Z,true
183675262,SUV,24.2,km,35 minutes,2024-01-11T15:17:56Z,true
250909923,SUV,29.3,km,30 minutes,2024-12-06T02:25:23Z,true
305139586,Van,9.8,miles,14 minutes,2024-02-23T06:17:33Z,true
189975138,Sedan,27.1,km,15 minutes,2024-03-29T04:31:58Z,true
287527767,Sedan,3.1,miles,33 minutes,2024-04-19T06:48:46Z,false
615525111,SUV,20.3,km,56 minutes,2024-01-13T03:10:42Z,false
692713327,SUV,7.0,miles,13 minutes,2024-04-24T16:56:18Z,false
194095361,Hatchback,18.5,km,59 minutes,2024-07-13T20:13:17Z,false
136902701,Coupe,10.6,km,31 minutes,2024-11-04T14:53:12Z,true
262442811,Van,7.1,miles,27 minutes,2024-08-04T04:30:46Z,true
626263825,Coupe,29.3,km,15 minutes,2024-09-21T03:29:23Z,false
242366254,Sedan,11.0,km,10 minutes,2024-02-13T07:43:10Z,false
219236685,Hatchback,12.8,miles,36 minutes,2024-03-29T00:20:55Z,false
243720371,Van,16.7,miles,24 minutes,2024-06-19T22:07:54Z,true
304573346,SUV,15.4,km,47 minutes,2024-10-03T11:05:27Z,false
674873879,Coupe,15.9,miles,57 minutes,2024-04-16T12:09:26Z,true
161443597,Coupe,11.0,km,57 minutes,2024-01-02T06:14:37Z,true
271304878,Hatchback,25.1,km,36 minutes,2024-01-19T04:10:46Z,true
771104198,Sedan,17.8,miles,23 minutes,2024-08-21T17:12:52Z,false
139784069,SUV,23.1,km,36 minutes,2024-07-30T16:43:36Z,true
138180430,Van,9.5,miles,38 minutes,2024-01-28T13:46:25Z,false
319319833,Coupe,13.1,km,14 minutes,2024-10-19T18:19:01Z,true
659457591,Coupe,3.4,miles,32 minutes,2024-10-29T01:11:43Z,false
427367772,Hatchback,15.7,km,35 minutes,2024-12-07T04:39:19Z,false
825767013,Van,8.5,miles,51 minutes,2024-01-26T02:53:50Z,true
183921036,Hatchback,17.0,miles,49 minutes,2024-06-22T00:41:45Z,true
991541596,Coupe,8.5,km,57 minutes,2024-09-09T17:43:17Z,false
276880873,Hatchback,19.0,km,42 minutes,2024-07-07T13:36:22Z,false
127629051,Coupe,27.2,km,39 minutes,2024-05-13T09:43:59Z,true
335990588,Coupe,9.3,km,57 minutes,2024-02-23T08:18:18Z,false
212232372,Hatchback,19.5,km,36 minutes,2024-07-10T18:45:19Z,true
255133577,Van,22.4,km,40 minutes,2024-01-01T20:18:48Z,false
130746695,Coupe,4.1,miles,55 minutes,2024-09-22T23:48:44Z,false
550869639,Sedan,8.1,miles,19 minutes,2024-07-26T22:29:28Z,false
264242708,Sedan,8.0,miles,12 minutes,2024-09-08T16:22:46Z,false
147673422,Sedan,9.9,miles,41 minutes,2024-08-30T14:04:13Z,false
237811968,SUV,12.5,miles,20 minutes,2024-05-18T20:54:08Z,false
203657113,Sedan,26.2,km,39 minutes,2024-08-26T01:10:49Z,false
121855522,Van,13.8,km,23 minutes,2024-01-11T15:30:13Z,false
114934001,SUV,11.7,km,57 minutes,2024-04-07T01:21:42Z,false
856200144,Hatchback,4.5,miles,17 minutes,2024-11-09T18:27:13Z,false
410113453,Van,9.2,miles,28 minutes,2024-08-05T04:58:35Z,true
257562298,Van,17.6,miles,17 minutes,2024-12-30T00:36:32Z,false
143232739,Hatchback,5.2,km,14 minutes,2024-02-07T08:49:27Z,false
207910601,SUV,6.3,miles,48 minutes,2024-03-07T11:12:32Z,true
927773609,Sedan,16.3,km,60 minutes,2024-05-16T02:31:34Z,false
319452991,Coupe,4.8,miles,12 minutes,2024-08-22T02:01:55Z,false
272785684,SUV,19.8,km,18 minutes,2024-09-09T12:36:00Z,true
262996993,Sedan,6.5,miles,46 minutes,2024-09-02T04:37:47Z,true
551516270,SUV,28.1,km,40 minutes,2024-01-09T04:36:05Z,false
573484356,Van,7.8,km,59 minutes,2024-01-25T22:13:26Z,true
139724397,Coupe,29.2,km,46 minutes,2024-10-16T11:00:55Z,true
204672975,Hatchback,12.6,miles,42 minutes,2024-05-03T21:09:54Z,true
214887175,Hatchback,17.7,miles,52 minutes,2024-04-30T09:08:20Z,false
236375052,Sedan,11.3,km,58 minutes,2024-05-02T18:18:28Z,false
287755297,SUV,3.3,miles,39 minutes,2024-03-26T22:14:14Z,false
303737938,Sedan,16.0,km,37 minutes,2024-11-20T02:41:28Z,false
430657233,Van,9.7,miles,32 minutes,2024-04-24T05:18:22Z,false
237335600,Coupe,5.9,miles,29 minutes,2024-09-17T03:59:47Z,true
127271815,Hatchback,9.8,km,49 minutes,2024-01-08T20:09:19Z,true
506108869,Sedan,26.7,km,17 minutes,2024-02-24T20:30:02Z,true
153736772,Coupe,17.9,miles,56 minutes,2024-03-20T20:32:13Z,false
599288557,Van,17.4,miles,41 minutes,2024-08-28T15:51:46Z,true
270153090,Coupe,12.8,miles,55 minutes,2024-01-30T11:02:55Z,true
293947579,Sedan,11.5,miles,44 minutes,2024-05-26T04:50:36Z,true
699298310,Sedan,5.9,km,23 minutes,2024-01-15T07:46:50Z,true
144141244,Van,6.6,km,52 minutes,2024-12-19T11:37:26Z,false
717492000,Coupe,7.7,km,56 minutes,2024-09-05T13:29:22Z,false
629228162,Van,6.7,miles,24 minutes,2024-12-05T01:28:00Z,true
124503088,Coupe,25.2,km,60 minutes,2024-10-28T00:10:28Z,false
237179668,SUV,5.1,km,43 minutes,2024-03-23T19:42:57Z,false
195708208,Van,9.9,km,39 minutes,2024-04-15T07:54:53Z,false
142323767,Coupe,15.0,miles,11 minutes,2024-02-05T01:44:16Z,true
955117416,Coupe,16.8,miles,34 minutes,2024-10-03T00:38:56Z,true
220379267,Van,11.7,miles,14 minutes,2024-08-08T21:10:10Z,true
185954822,Hatchback,18.2,km,56 minutes,2024-07-07T15:26:01Z,true
263922608,Van,3.6,miles,41 minutes,2024-04-26T09:26:55Z,false
264987900,Coupe,27.4,km,12 minutes,2024-07-11T08:33:07Z,true
302295779,Coupe,14.0,miles,44 minutes,2024-05-29T03:11:57Z,true
975052917,Coupe,26.9,km,60 minutes,2024-06-24T04:25:06Z,false
532095437,Van,13.8,miles,54 minutes,2024-05-01T00:03:35Z,true
242321976,Coupe,24.6,km,32 minutes,2024-08-05T16:31:25Z,false
625351486,SUV,19.6,km,19 minutes,2024-10-24T13:36:26Z,true
402634931,Coupe,12.6,km,22 minutes,2024-07-25T23:18:47Z,true
274675719,Sedan,8.3,miles,39 minutes,2024-11-24T01:28:58Z,false
298152923,Sedan,15.8,miles,28 minutes,2024-01-09T23:44:20Z,true
177811038,Sedan,13.8,miles,59 minutes,2024-12-05T09:03:15Z,false
112641994,Van,12.3,miles,50 minutes,2024-06-27T09:53:44Z,false
177909384,Sedan,25.7,km,53 minutes,2024-02-14T22:09:07Z,true
187301629,Sedan,4.6,miles,42 minutes,2024-11-05T00:11:04Z,true
133345437,Van,14.5,km,45 minutes,2024-10-20T21:37:15Z,true
312207327,Hatchback,9.5,miles,36 minutes,2024-01-13T17:07:29Z,true
280034630,SUV,13.7,miles,28 minutes,2024-05-14T14:05:32Z,false
216117909,Van,25.8,km,34 minutes,2024-07-30T09:43:33Z,true
102015813,Van,8.1,miles,25 minutes,2024-11-01T22:38:54Z,true
150781837,Sedan,14.7,km,29 minutes,2024-05-17T12:50:16Z,true
335721628,Van,10.3,km,15 minutes,2024-02-17T23:50:56Z,true
158010879,Coupe,13.2,miles,44 minutes,2024-08-29T02:31:41Z,true
287753682,Van,4.7,miles,54 minutes,2024-11-10T14:53:11Z,false
271242929,Coupe,15.3,miles,56 minutes,2024-06-25T05:40:01Z,false
239989675,Van,6.6,km,44 minutes,2024-12-18T21:45:26Z,true
125658494,Coupe,20.8,km,30 minutes,2024-04-14T05:27:40Z,false
236799794,Hatchback,13.3,km,13 minutes,2024-09-15T14:38:10Z,false
696495435,Sedan,10.5,miles,56 minutes,2024-08-17T23:29:28Z,false
129817429,SUV,10.2,miles,38 minutes,2024-08-10T22:18:12Z,false
112475131,Sedan,6.7,miles,57 minutes,2024-12-24T13:35:27Z,false
259355593,Hatchback,6.9,km,42 minutes,2024-07-21T14:14:49Z,true
329630401,Hatchback,3.1,miles,38 minutes,2024-05-07T21:23:37Z,false
146956043,SUV,11.8,miles,60 minutes,2024-05-16T16:03:33Z,true
232508379,Sedan,5.1,km,41 minutes,2024-11-06T19:56:35Z,true
151652889,Coupe,6.0,km,36 minutes,2024-03-04T01:38:29Z,false
337786285,Van,14.5,miles,43 minutes,2024-03-05T07:52:22Z,true
294401733,Coupe,14.7,km,54 minutes,2024-11-18T04:53:31Z,false
292058342,Van,28.2,km,48 minutes,2024-05-02T00:33:27Z,false
327203495,SUV,25.9,km,24 minutes,2024-10-07T00:45:00Z,true
390454182,Sedan,12.3,miles,44 minutes,2024-06-01T08:07:28Z,true
189295025,Coupe,16.6,miles,55 minutes,2024-07-22T15:46:17Z,false
138952552,Sedan,8.2,miles,52 minutes,2024-08-21T21:37:13Z,false
256415955,Coupe,18.0,miles,30 minutes,2024-03-17T01:36:15Z,false
128605185,Coupe,9.9,km,34 minutes,2024-05-17T00:19:22Z,false
118075538,Van,7.8,miles,43 minutes,2024-06-02T05:53:34Z,true
134405942,Van,24.2,km,60 minutes,2024-03-30T21:30:27Z,false
144504973,Van,14.8,km,46 minutes,2024-03-07T19:13:03Z,true
123432400,Sedan,10.4,km,40 minutes,2024-06-10T15:34:06Z,false
301936607,Van,13.9,miles,26 minutes,2024-03-28T16:24:17Z,true
211408074,Sedan,13.0,miles,20 minutes,2024-07-02T01:03:11Z,true
199041970,Coupe,14.0,miles,52 minutes,2024-09-26T10:51:41Z,true
149197028,Hatchback,14.6,miles,33 minutes,2024-03-14T05:05:14Z,true
277192919,Coupe,8.5,miles,42 minutes,2024-05-31T08:25:48Z,false
977550537,Sedan,29.2,km,42 minutes,2024-08-13T15:59:25Z,true
281948214,SUV,17.9,miles,57 minutes,2024-09-08T15:08:20Z,false
509950425,Hatchback,25.8,km,13 minutes,2024-05-27T10:32:55Z,true
577726021,Van,10.9,km,15 minutes,2024-10-25T09:01:57Z,false
357830792,Van,10.9,km,51 minutes,2024-05-04T19:34:24Z,true
254917319,SUV,20.9,km,46 minutes,2024-07-25T15:26:33Z,false
277470098,Hatchback,10.2,km,19 minutes,2024-01-19T02:29:31Z,false
730974159,Sedan,14.7,miles,56 minutes,2024-12-03T15:22:03Z,false
126207047,Hatchback,24.0,km,58 minutes,2024-11-17T00:05:27Z,true
254459534,Sedan,12.0,miles,12 minutes,2024-07-01T09:36:44Z,false
702587183,Sedan,21.5,km,45 minutes,2024-09-30T17:35:36Z,false
112749495,Coupe,3.8,miles,15 minutes,2024-10-03T10:04:55Z,false
701816003,Sedan,29.3,km,48 minutes,2024-08-04T06:46:50Z,true
233985613,Hatchback,10.2,miles,38 minutes,2024-11-27T21:31:57Z,true
181797960,Hatchback,17.2,km,26 minutes,2024-07-16T20:59:01Z,true
370494500,Van,6.7,miles,36 minutes,2024-04-29T00:48:37Z,false
771134254,Van,7.0,miles,55 minutes,2024-05-12T22:34:21Z,false
283110292,SUV,11.8,miles,56 minutes,2024-09-16T13:16:24Z,false
283164882,SUV,12.1,miles,10 minutes,2024-04-17T03:17:45Z,true
334299595,SUV,15.6,km,33 minutes,2024-08-22T22:04:51Z,true
240348765,SUV,5.9,miles,39 minutes,2024-05-21T11:08:55Z,false
849680782,Sedan,17.6,km,14 minutes,2024-10-02T14:30:50Z,false
212265005,Sedan,23.8,km,46 minutes,2024-01-28T17:56:30Z,false
188790307,SUV,28.9,km,55 minutes,2024-02-29T05:56:24Z,false
278434057,Van,6.3,miles,52 minutes,2024-11-29T19:47:06Z,false
944413057,Van,28.6,km,53 minutes,2024-06-17T16:44:32Z,false
295971873,Hatchback,14.9,km,35 minutes,2024-04-11T05:01:49Z,true
158311226,Sedan,8.2,miles,39 minutes,2024-10-01T22:55:55Z,true
167211000,Sedan,13.3,miles,49 minutes,2024-07-06T07:55:30Z,false
103558174,SUV,15.6,km,15 minutes,2024-11-15T18:55:41Z,true
118928262,Van,3.6,miles,44 minutes,2024-10-30T18:59:04Z,false
150448941,SUV,9.7,miles,50 minutes,2024-04-21T11:25:56Z,false
215622630,Coupe,11.1,miles,39 minutes,2024-03-03T16:04:29Z,false
236186804,Coupe,5.2,miles,46 minutes,2024-01-31T06:31:45Z,false
308303507,Van,27.4,km,26 minutes,2024-02-21T06:46:07Z,true
357829428,Coupe,13.3,km,19 minutes,2024-12-09T07:03:27Z,true
185633063,Van,28.7,km,12 minutes,2024-04-03T04:56:48Z,true
148539345,Sedan,7.3,km,48 minutes,2024-09-25T20:36:22Z,true
104048328,Sedan,14.9,miles,25 minutes,2024-11-06T18:50:44Z,false
107306667,Sedan,5.8,km,24 minutes,2024-03-01T17:32:01Z,false
315052028,Coupe,22.4,km,53 minutes,2024-07-03T14:05:06Z,true
175199536,SUV,6.8,miles,34 minutes,2024-09-13T09:59:34Z,false
264793797,Van,29.5,km,57 minutes,2024-04-23T17:19:27Z,true
159897131,Hatchback,19.4,km,15 minutes,2024-07-22T04:26:47Z,false
232728544,SUV,10.3,km,54 minutes,2024-04-09T19:33:49Z,true
195895905,SUV,6.5,miles,45 minutes,2024-07-06T12:35:30Z,false
399268841,Sedan,14.7,miles,60 minutes,2024-01-07T02:37:29Z,false
175748740,SUV,16.1,km,46 minutes,2024-12-03T22:02:27Z,false
269417833,Van,12.2,km,34 minutes,2024-08-07T11:25:01Z,true
174123250,Hatchback,22.2,km,13 minutes,2024-03-11T07:36:16Z,false
147642258,Van,6.8,miles,13 minutes,2024-11-14T01:19:01Z,false
215848569,Van,26.8,km,12 minutes,2024-08-02T15:16:48Z,true
300903277,Sedan,16.9,miles,10 minutes,2024-05-09T15:49:20Z,true
803177133,Coupe,12.6,km,45 minutes,2024-11-05T23:51:47Z,false
140883973,SUV,18.6,km,34 minutes,2024-08-14T16:53:52Z,true
280836274,Sedan,11.9,km,33 minutes,2024-05-27T07:49:53Z,false
210281086,Coupe,28.3,km,19 minutes,2024-03-26T19:46:26Z,false
934444299,Coupe,8.7,km,34 minutes,2024-09-04T18:36:56Z,false
243355557,Coupe,24.2,km,46 minutes,2024-05-28T17:51:37Z,false
258495386,Sedan,18.6,km,25 minutes,2024-08-25T05:35:37Z,true
311813013,Sedan,22.3,km,49 minutes,2024-02-08T21:31:17Z,true
546689709,Coupe,8.5,miles,35 minutes,2024-02-07T12:23:08Z,true
491154972,Coupe,21.0,km,59 minutes,2024-09-29T05:52:09Z,false
292053707,Sedan,28.1,km,14 minutes,2024-10-25T07:01:11Z,false
129106367,Coupe,17.3,miles,59 minutes,2024-12-18T10:26:27Z,true
303935361,SUV,17.4,km,19 minutes,2024-01-17T20:37:06Z,false
328053631,Hatchback,5.0,miles,26 minutes,2024-12-18T02:45:40Z,false
301274041,Van,9.7,miles,30 minutes,2024-05-27T23:37:05Z,true
306071110,Sedan,7.0,km,40 minutes,2024-07-23T05:31:52Z,true
195162327,SUV,12.2,km,59 minutes,2024-03-18T19:45:09Z,false
107761463,Coupe,7.7,km,19 minutes,2024-03-31T16:43:29Z,true
170016636,Sedan,13.0,km,48 minutes,2024-06-11T02:13:05Z,false
338113398,Hatchback,24.6,km,51 minutes,2024-10-06T13:27:19Z,false
261624266,Sedan,16.1,km,32 minutes,2024-11-30T10:09:40Z,true
554536231,SUV,13.9,miles,11 minutes,2024-11-23T01:11:32Z,true
254583059,Van,14.2,km,56 minutes,2024-06-15T22:04:32Z,false
218990643,SUV,7.1,miles,50 minutes,2024-05-27T21:44:41Z,true
204031794,SUV,16.3,miles,17 minutes,2024-05-24T18:06:02Z,true
173281375,Sedan,8.8,miles,55 minutes,2024-12-07T07:45:19Z,false
187757674,Hatchback,7.5,miles,44 minutes,2024-03-09T05:10:04Z,true
192250824,Sedan,17.4,miles,54 minutes,2024-11-01T08:34:58Z,true
720558522,Sedan,6.6,miles,50 minutes,2024-08-07T10:04:10Z,true
114256802,Hatchback,10.3,miles,11 minutes,2024-08-04T02:32:42Z,false
258395641,SUV,11.5,km,12 minutes,2024-06-21T17:33:50Z,true
285689136,SUV,9.2,km,50 minutes,2024-04-10T11:21:49Z,false
104694450,Van,10.1,km,49 minutes,2024-09-12T08:57:50Z,true
229216111,Coupe,26.5,km,32 minutes,2024-06-21T12:19:45Z,true
944429748,SUV,11.2,miles,60 minutes,2024-11-11T20:40:27Z,false
274792072,Coupe,4.8,miles,54 minutes,2024-07-05T23:29:05Z,false
241272459,Van,10.9,miles,56 minutes,2024-06-18T13:10:58Z,true
111149939,Van,3.1,miles,39 minutes,2024-01-12T16:21:23Z,true
288304100,SUV,5.6,miles,24 minutes,2024-04-04T01:59:51Z,true
639010467,Hatchback,7.9,miles,58 minutes,2024-10-07T18:06:49Z,false
554289890,Sedan,9.4,miles,11 minutes,2024-01-07T18:59:46Z,false
217500180,Van,5.0,miles,35 minutes,2024-07-14T12:31:38Z,false
142668532,Sedan,6.7,miles,11 minutes,2024-10-03T09:32:26Z,true
130936187,Hatchback,24.1,km,37 minutes,2024-09-16T21:00:21Z,true
688152454,SUV,5.4,miles,43 minutes,2024-06-04T15:57:44Z,false
169068317,SUV,15.1,km,18 minutes,2024-02-25T22:57:05Z,false
161682445,Coupe,6.9,km,30 minutes,2024-10-17T10:07:25Z,true
179714677,Coupe,6.6,miles,36 minutes,2024-04-20T00:19:36Z,true
323708958,Coupe,12.3,miles,49 minutes,2024-07-11T15:37:33Z,false
156561111,Hatchback,25.5,km,21 minutes,2024-12-11T06:59:12Z,true
224095859,SUV,14.5,miles,59 minutes,2024-05-26T19:11:30Z,false
284571059,Van,28.4,km,44 minutes,2024-06-26T00:48:54Z,true
262114973,Van,16.5,km,57 minutes,2024-07-12T06:14:19Z,false
114347433,Van,5.9,miles,30 minutes,2024-06-27T06:38:03Z,false
244016056,Sedan,11.7,km,19 minutes,2024-01-24T09:50:02Z,true
290249341,Hatchback,26.0,km,52 minutes,2024-02-07T03:47:11Z,true
181522230,Hatchback,17.6,miles,32 minutes,2024-06-10T08:46:57Z,true
140148352,Hatchback,13.6,miles,45 minutes,2024-06-11T23:19:18Z,false
327491806,SUV,3.9,miles,37 minutes,2024-02-11T05:01:29Z,false
268496975,SUV,14.4,km,59 minutes,2024-12-10T22:52:52Z,false
200872494,Coupe,10.6,miles,46 minutes,2024-01-09T21:13:48Z,false
309772054,SUV,8.1,km,21 minutes,2024-09-15T18:10:16Z,true
152996181,Sedan,7.3,miles,11 minutes,2024-11-02T09:25:50Z,false
616362107,Van,11.9,miles,42 minutes,2024-11-11T04:15:28Z,true
217068778,Coupe,10.7,km,56 minutes,2024-01-15T04:05:15Z,true
969758780,Van,4.6,miles,55 minutes,2024-12-02T02:39:33Z,false
326099514,Van,8.3,miles,24 minutes,2024-02-21T13:33:13Z,false
144546970,Coupe,16.7,miles,60 minutes,2024-07-13T04:51:00Z,true
197119591,Coupe,16.2,miles,59 minutes,2024-06-04T10:59:41Z,false
102992230,Sedan,7.2,miles,60 minutes,2024-09-18T11:39:10Z,true
698803020,Coupe,12.8,km,11 minutes,2024-12-16T20:29:38Z,true
214343081,Van,7.1,km,14 minutes,2024-05-21T20:46:36Z,true
219208379,Van,6.5,km,22 minutes,2024-02-04T06:58:43Z,true
149807300,Van,11.1,km,33 minutes,2024-06-22T04:59:40Z,true
602225501,Van,28.2,km,57 minutes,2024-05-21T12:30:49Z,false
129343405,Coupe,10.8,miles,29 minutes,2024-07-31T13:42:24Z,false
206130307,Van,17.7,miles,37 minutes,2024-07-18T07:36:46Z,true
913228336,Sedan,12.3,miles,40 minutes,2024-05-24T11:48:05Z,true
187705779,Coupe,16.9,km,57 minutes,2024-07-16T02:16:53Z,true
290387672,Sedan,8.4,km,22 minutes,2024-06-13T19:14:22Z,true
332663628,SUV,22.2,km,50 minutes,2024-03-31T22:29:02Z,true
165782527,SUV,27.7,km,60 minutes,2024-05-07T14:14:01Z,true
131465782,SUV,19.4,km,34 minutes,2024-11-25T14:11:19Z,false
619553525,Coupe,10.1,km,19 minutes,2024-06-07T19:55:40Z,true
239119635,SUV,21.5,km,16 minutes,2024-05-29T21:54:56Z,true
217045967,SUV,14.6,km,38 minutes,2024-11-15T04:39:35Z,true
643140708,Van,19.8,km,52 minutes,2024-08-08T11:06:26Z,false
168746273,Coupe,13.5,miles,54 minutes,2024-02-24T21:02:57Z,false
429467030,Hatchback,16.0,miles,27 minutes,2024-11-14T09:15:18Z,false
394385277,SUV,6.1,miles,29 minutes,2024-08-20T14:23:25Z,false
687061392,Coupe,27.4,km,53 minutes,2024-07-31T19:56:21Z,true
285935979,Coupe,26.3,km,12 minutes,2024-05-10T20:07:08Z,false
968932588,Sedan,11.3,miles,60 minutes,2024-02-06T10:35:05Z,true
142901207,Sedan,10.8,miles,40 minutes,2024-04-01T19:48:07Z,true
111233849,SUV,9.6,miles,27 minutes,2024-08-26T06:18:43Z,false
189444901,Hatchback,25.4,km,27 minutes,2024-09-12T13:51:08Z,true
250575377,Van,11.4,km,13 minutes,2024-02-21T22:44:12Z,true
147907199,Sedan,25.2,km,49 minutes,2024-12-12T05:06:54Z,true
282933764,Van,14.9,miles,27 minutes,2024-04-24T14:29:24Z,false
312006364,Hatchback,14.2,km,48 minutes,2024-03-25T12:15:20Z,true
353078852,Coupe,16.6,miles,43 minutes,2024-11-15T19:17:17Z,false
370552948,Coupe,3.4,miles,30 minutes,2024-12-15T22:58:31Z,false
915038309,Van,13.6,miles,22 minutes,2024-08-09T10:16:42Z,true
271483195,Van,11.5,km,55 minutes,2024-09-12T06:16:32Z,true
179408790,SUV,25.8,km,26 minutes,2024-11-09T22:13:18Z,false
541366133,SUV,15.9,miles,26 minutes,2024-04-10T18:30:23Z,true
268964642,SUV,7.7,miles,34 minutes,2024-11-02T20:04:43Z,true
257858140,Van,8.8,miles,55 minutes,2024-11-23T23:44:35Z,true
211008339,Coupe,4.0,miles,25 minutes,2024-07-30T11:27:38Z,true
125305539,Sedan,13.9,km,19 minutes,2024-08-14T11:15:37Z,false
162885867,Hatchback,29.8,km,37 minutes,2024-08-25T01:40:11Z,false
256130801,SUV,13.3,miles,25 minutes,2024-12-02T22:44:06Z,false
301972938,Coupe,11.6,km,11 minutes,2024-06-23T12:25:12Z,true
325583885,Coupe,5.1,miles,59 minutes,2024-10-25T20:21:06Z,false
137560521,Hatchback,21.6,km,17 minutes,2024-05-01T12:53:20Z,true
195919540,Coupe,7.8,km,55 minutes,2024-12-07T15:26:38Z,false
926642341,Van,13.6,km,53 minutes,2024-06-13T11:51:56Z,true
141085679,Sedan,12.5,miles,23 minutes,2024-04-13T21:38:49Z,true
242765046,Coupe,9.0,miles,38 minutes,2024-07-26T23:04:13Z,false
145734038,Van,12.6,miles,34 minutes,2024-09-30T20:22:37Z,false
719221964,Hatchback,11.8,miles,33 minutes,2024-06-13T18:59:26Z,false
339147327,Van,13.2,miles,39 minutes,2024-11-27T13:49:01Z,true
106660076,Van,7.8,km,27 minutes,2024-06-20T20:59:14Z,false
305326954,Sedan,9.1,miles,23 minutes,2024-05-11T03:31:32Z,true
292590511,SUV,8.2,miles,20 minutes,2024-01-21T23:20:04Z,true
119100180,Coupe,18.3,km,11 minutes,2024-03-12T01:41:38Z,false
365638111,Hatchback,8.1,miles,56 minutes,2024-08-11T20:36:52Z,false
106023589,Van,21.7,km,19 minutes,2024-11-05T17:45:09Z,false
135671566,Sedan,17.4,miles,29 minutes,2024-03-27T11:29:04Z,false
116686840,Hatchback,7.2,miles,12 minutes,2024-02-02T18:39:22Z,false
124000036,Coupe,11.1,miles,13 minutes,2024-07-20T06:05:16Z,true
129626896,Sedan,7.4,km,10 minutes,2024-11-09T16:04:53Z,true
297166838,Van,7.1,miles,34 minutes,2024-01-18T14:49:47Z,false
292067924,SUV,4.5,miles,11 minutes,2024-04-06T23:13:45Z,true
324827397,Coupe,15.8,km,54 minutes,2024-07-18T07:26:18Z,false
114901120,Van,9.9,miles,46 minutes,2024-10-16T21:45:39Z,true
140001774,Hatchback,11.2,km,59 minutes,2024-06-01T14:56:44Z,false
203736275,Hatchback,10.8,km,21 minutes,2024-04-03T10:26:26Z,false
337377290,Van,5.3,miles,56 minutes,2024-03-07T07:15:00Z,true
137031108,Van,6.7,km,26 minutes,2024-03-14T20:08:12Z,false
128948461,SUV,12.5,km,30 minutes,2024-12-24T19:46:15Z,false
160951908,Sedan,16.1,miles,11 minutes,2024-10-02T04:37:49Z,true
550342696,Hatchback,8.4,km,14 minutes,2024-06-12T21:24:06Z,true
856979034,Van,14.5,miles,26 minutes,2024-12-10T23:39:34Z,false
294778811,Hatchback,28.1,km,27 minutes,2024-06-27T20:40:37Z,false
911368369,Sedan,16.7,miles,51 minutes,2024-10-30T00:57:47Z,true
116350075,Hatchback,7.3,miles,44 minutes,2024-12-22T06:24:55Z,false
279585606,Van,27.9,km,39 minutes,2024-07-04T08:51:14Z,false
172157127,Sedan,10.5,km,37 minutes,2024-07-09T15:03:42Z,false
162264654,SUV,13.4,km,43 minutes,2024-10-28T11:25:37Z,false
191770741,Coupe,13.7,miles,32 minutes,2024-01-09T13:31:25Z,true
807563519,Van,6.4,km,21 minutes,2024-08-18T19:58:16Z,false
224943404,Coupe,9.8,miles,15 minutes,2024-04-05T01:39:54Z,true
249348915,SUV,3.6,miles,34 minutes,2024-07-16T21:36:20Z,false
700808213,Sedan,7.5,miles,37 minutes,2024-10-11T15:11:15Z,true
167893642,Hatchback,3.1,miles,47 minutes,2024-03-07T13:58:18Z,true
943760711,Coupe,26.6,km,32 minutes,2024-09-17T13:09:13Z,true
152896459,Van,28.0,km,35 minutes,2024-04-24T09:42:48Z,false
171449265,SUV,12.0,km,40 minutes,2024-05-24T00:22:40Z,true
112427583,SUV,28.4,km,50 minutes,2024-07-19T06:20:36Z,false
293381437,Hatchback,25.7,km,25 minutes,2024-11-15T11:44:25Z,false
119656159,Sedan,20.1,km,58 minutes,2024-05-30T11:06:59Z,true
121896042,Van,6.7,km,17 minutes,2024-02-18T16:10:32Z,true
655738675,Sedan,21.8,km,38 minutes,2024-12-10T06:51:57Z,false
196053227,Coupe,17.0,miles,13 minutes,2024-09-14T22:24:34Z,false
118236078,Van,7.4,miles,31 minutes,2024-06-27T07:25:32Z,true
399815335,Sedan,12.5,miles,34 minutes,2024-12-23T20:45:24Z,false
266373749,Sedan,17.9,miles,50 minutes,2024-12-18T18:01:40Z,true
763464538,Coupe,16.3,km,38 minutes,2024-02-18T01:44:29Z,true
301541201,SUV,12.6,miles,29 minutes,2024-08-08T07:45:49Z,true
315585128,Coupe,27.2,km,16 minutes,2024-08-09T12:30:31Z,true
202571025,Sedan,10.2,miles,38 minutes,2024-04-08T16:49:49Z,false
339589528,Van,9.0,miles,13 minutes,2024-10-09T06:22:24Z,true
811944153,Coupe,12.9,miles,46 minutes,2024-11-04T21:43:02Z,true
998274670,Coupe,9.3,miles,15 minutes,2024-11-05T03:40:46Z,true
261579954,SUV,19.1,km,56 minutes,2024-06-02T08:39:18Z,false
739902653,Hatchback,3.7,miles,36 minutes,2024-07-19T03:38:14Z,false
189997284,Hatchback,28.0,km,41 minutes,2024-09-28T17:17:25Z,true
153313622,SUV,11.8,miles,17 minutes,2024-09-27T13:53:02Z,true
422865423,Sedan,23.6,km,17 minutes,2024-11-01T13:20:28Z,true
259904298,Sedan,12.0,km,27 minutes,2024-02-18T00:04:57Z,true
360472089,Hatchback,16.3,km,60 minutes,2024-01-10T17:39:51Z,false
196624473,Van,4.6,miles,24 minutes,2024-05-13T00:51:05Z,true
333535418,Sedan,6.7,miles,29 minutes,2024-12-19T04:45:24Z,true
248031954,Van,16.1,miles,14 minutes,2024-09-27T06:36:21Z,true
328095768,Sedan,13.9,miles,27 minutes,2024-11-30T17:31:10Z,true
330766888,Hatchback,13.4,miles,48 minutes,2024-07-06T13:39:07Z,false
245519960,Sedan,21.5,km,14 minutes,2024-08-26T03:31:26Z,false
293454746,Hatchback,5.2,miles,33 minutes,2024-07-01T15:48:08Z,true
163668183,Van,20.7,km,39 minutes,2024-05-06T03:28:39Z,false
235901063,Hatchback,9.9,miles,11 minutes,2024-06-27T21:13:13Z,false
189807648,Sedan,9.5,miles,56 minutes,2024-11-28T00:16:10Z,false
512042930,Hatchback,27.5,km,48 minutes,2024-10-28T22:18:42Z,true
194712531,Coupe,7.0,miles,23 minutes,2024-10-17T00:23:34Z,false
970368577,Coupe,16.9,miles,60 minutes,2024-12-22T13:45:25Z,true
304390659,Hatchback,12.6,miles,57 minutes,2024-03-28T13:57:15Z,false
256376963,Hatchback,18.3,km,42 minutes,2024-04-12T22:57:11Z,true
277014656,Van,8.4,miles,31 minutes,2024-09-05T17:43:26Z,false
336099189,SUV,5.3,km,33 minutes,2024-01-25T06:53:33Z,true
102376406,SUV,16.9,miles,23 minutes,2024-08-06T10:02:04Z,false
243357443,Sedan,19.8,km,20 minutes,2024-07-22T08:54:21Z,true
313131167,Sedan,5.9,miles,38 minutes,2024-01-27T08:42:20Z,true
330003132,Sedan,18.1,km,29 minutes,2024-02-10T16:35:28Z,true
976865706,Coupe,23.2,km,27 minutes,2024-01-20T12:08:29Z,true
297715784,Coupe,24.6,km,25 minutes,2024-05-14T07:04:09Z,true
115696952,SUV,9.0,km,24 minutes,2024-06-05T05:24:45Z,false
654821003,SUV,7.9,miles,41 minutes,2024-11-04T00:18:33Z,true
179446474,SUV,8.2,km,22 minutes,2024-06-09T16:54:14Z,true
237686657,Van,13.5,km,57 minutes,2024-08-05T11:56:15Z,true
243287175,Hatchback,20.9,km,12 minutes,2024-09-18T10:47:12Z,false
250237544,Coupe,5.9,miles,33 minutes,2024-06-07T21:37:05Z,true
296640292,Hatchback,13.9,miles,29 minutes,2024-09-06T21:17:06Z,false
211454266,SUV,6.4,km,10 minutes,2024-08-31T08:20:11Z,true
337470559,Coupe,10.4,miles,34 minutes,2024-12-11T12:56:17Z,false
225722068,Van,25.1,km,36 minutes,2024-07-09T10:20:37Z,true
897494240,Hatchback,8.6,km,10 minutes,2024-06-17T02:26:36Z,true
160001723,Sedan,3.3,miles,37 minutes,2024-02-25T04:47:13Z,false
855466554,SUV,24.7,km,30 minutes,2024-01-06T03:35:24Z,false
146229566,Van,14.3,km,30 minutes,2024-09-23T17:58:57Z,true
941860699,Sedan,11.4,miles,11 minutes,2024-01-10T19:40:56Z,true
493862455,Hatchback,21.4,km,17 minutes,2024-07-06T09:55:05Z,true
118210873,Sedan,8.7,km,35 minutes,2024-09-23T01:11:28Z,false
593161906,SUV,10.5,km,49 minutes,2024-04-04T16:38:54Z,false
103352563,Sedan,13.9,miles,38 minutes,2024-07-01T17:43:50Z,true
555566446,Coupe,4.1,miles,32 minutes,2024-03-12T02:54:05Z,true
643289750,SUV,28.6,km,31 minutes,2024-04-09T02:12:51Z,false
321927043,Van,15.2,km,39 minutes,2024-09-26T10:38:55Z,false
316933120,Coupe,27.6,km,37 minutes,2024-11-24T01:55:48Z,true
236926653,Coupe,6.3,miles,57 minutes,2024-10-15T10:59:39Z,false
203813474,SUV,22.7,km,27 minutes,2024-05-12T01:31:29Z,false
304592419,Van,11.3,miles,32 minutes,2024-02-07T19:05:16Z,true
377220403,SUV,9.1,miles,36 minutes,2024-01-08T02:53:10Z,true
153354599,Van,29.2,km,10 minutes,2024-07-15T19:36:20Z,true
263341840,Coupe,8.6,miles,40 minutes,2024-06-30T09:41:41Z,false
130671814,Sedan,5.2,miles,51 minutes,2024-07-25T19:28:25Z,false
165863241,Sedan,11.5,km,30 minutes,2024-10-07T03:31:53Z,true
238897085,Van,24.9,km,53 minutes,2024-02-20T15:06:58Z,true
339183226,Hatchback,28.1,km,53 minutes,2024-04-06T13:11:34Z,true
223224038,Sedan,17.1,miles,11 minutes,2024-02-03T14:46:05Z,true
335445682,Coupe,16.5,km,41 minutes,2024-04-06T12:31:47Z,true
882407379,Hatchback,15.6,miles,45 minutes,2024-01-21T17:49:42Z,true
194466677,Van,6.8,miles,47 minutes,2024-12-15T08:20:09Z,true
931596375,Hatchback,10.0,miles,33 minutes,2024-02-19T15:38:20Z,true
720842147,Sedan,6.5,miles,56 minutes,2024-07-18T08:57:04Z,false
811457670,Van,8.4,miles,32 minutes,2024-12-07T08:46:40Z,true
406627872,Sedan,13.1,miles,42 minutes,2024-01-15T08:08:31Z,false
220985411,Sedan,13.6,miles,11 minutes,2024-06-17T10:59:02Z,true
217701115,Coupe,8.1,km,49 minutes,2024-11-01T12:31:50Z,true
108106147,SUV,26.3,km,48 minutes,2024-08-17T11:41:41Z,true
260754734,Sedan,15.3,miles,20 minutes,2024-03-22T08:29:11Z,true
153945567,SUV,21.7,km,54 minutes,2024-09-25T07:41:21Z,true
257188575,Sedan,8.0,miles,42 minutes,2024-09-20T16:19:04Z,true
644153364,Van,17.0,km,45 minutes,2024-05-16T04:39:35Z,true
212489259,Hatchback,17.0,miles,54 minutes,2024-06-04T02:50:16Z,false
158153587,Hatchback,7.0,miles,54 minutes,2024-08-31T00:16:20Z,false
610391740,Hatchback,18.0,km,17 minutes,2024-11-18T12:52:54Z,true
318649269,Sedan,8.4,km,52 minutes,2024-03-30T00:05:42Z,false
196728850,Sedan,14.4,km,18 minutes,2024-05-23T14:38:07Z,false
619953707,Coupe,27.0,km,21 minutes,2024-05-28T19:40:05Z,true
223846035,Hatchback,18.3,km,16 minutes,2024-12-08T18:52:41Z,false
200981043,Van,5.4,miles,17 minutes,2024-10-20T14:04:09Z,true
317507074,Sedan,3.2,miles,49 minutes,2024-12-10T01:26:36Z,true
147871804,Van,26.4,km,48 minutes,2024-10-03T03:41:59Z,false
300695748,SUV,15.9,miles,20 minutes,2024-02-01T23:05:07Z,false
771243296,Sedan,16.0,miles,21 minutes,2024-02-15T11:55:02Z,true
107162014,SUV,5.9,miles,15 minutes,2024-03-27T23:32:02Z,false
150159882,Sedan,30.0,km,21 minutes,2024-05-23T18:07:10Z,true
762827123,Coupe,28.9,km,54 minutes,2024-10-21T04:47:54Z,false
183548470,Sedan,24.8,km,25 minutes,2024-12-27T06:58:39Z,true
239287871,SUV,26.5,km,60 minutes,2024-04-15T23:30:21Z,true
161565167,Hatchback,7.6,miles,27 minutes,2024-02-05T13:00:45Z,false
225965745,Hatchback,15.1,miles,28 minutes,2024-12-07T06:38:50Z,true
155904845,Hatchback,21.7,km,18 minutes,2024-05-13T17:23:42Z,true
173341430,Sedan,9.4,km,35 minutes,2024-09-30T14:38:08Z,true
776017153,Hatchback,13.2,miles,60 minutes,2024-11-10T00:42:31Z,true
305459848,Coupe,5.1,km,27 minutes,2024-11-21T14:15:45Z,false
203989710,Coupe,28.7,km,44 minutes,2024-08-30T06:06:02Z,false
316548882,Sedan,4.5,miles,32 minutes,2024-05-17T02:29:51Z,false
311372217,Sedan,28.1,km,31 minutes,2024-01-01T09:20:14Z,false
141654156,Hatchback,4.4,miles,12 minutes,2024-08-30T21:39:52Z,true
943514517,Sedan,14.0,km,30 minutes,2024-02-24T15:57:41Z,false
251323280,Sedan,19.2,km,26 minutes,2024-12-18T22:18:01Z,false
287860481,Coupe,4.7,miles,36 minutes,2024-12-06T14:53:02Z,true
264548933,Hatchback,29.5,km,23 minutes,2024-05-24T18:05:34Z,false
247225781,Coupe,3.7,miles,29 minutes,2024-10-31T04:20:24Z,false
965548295,Sedan,11.7,km,23 minutes,2024-08-12T05:10:56Z,false
254774630,Van,8.8,km,44 minutes,2024-12-08T04:23:49Z,false
278191694,SUV,15.3,miles,31 minutes,2024-12-12T10:19:46Z,false
163556101,Coupe,15.7,km,57 minutes,2024-11-03T06:04:08Z,false
525760760,Coupe,14.9,miles,40 minutes,2024-08-09T02:21:24Z,true
152590335,Sedan,12.4,km,19 minutes,2024-12-16T18:45:47Z,true
334238559,Coupe,28.4,km,33 minutes,2024-10-12T23:45:16Z,true
926840930,SUV,23.2,km,56 minutes,2024-05-13T20:52:14Z,false
886010414,Coupe,11.5,miles,22 minutes,2024-02-17T21:36:52Z,true
308177925,Coupe,7.7,miles,59 minutes,2024-01-09T10:54:49Z,false
246951937,SUV,3.6,miles,55 minutes,2024-09-23T22:38:17Z,true
193258383,Sedan,22.6,km,41 minutes,2024-10-29T06:36:22Z,false
257641162,Hatchback,13.7,km,45 minutes,2024-11-25T03:48:23Z,false
145977257,Van,7.2,miles,37 minutes,2024-01-20T17:09:23Z,false
280573326,SUV,16.5,miles,57 minutes,2024-10-26T23:59:05Z,true
395107017,SUV,29.1,km,42 minutes,2024-08-01T04:45:31Z,false
203203907,Van,14.1,km,15 minutes,2024-07-23T17:17:11Z,true
308414604,Hatchback,11.8,miles,36 minutes,2024-01-13T07:37:54Z,false
303612042,Hatchback,15.9,miles,32 minutes,2024-05-07T06:47:59Z,true
111543176,SUV,26.2,km,53 minutes,2024-02-07T23:25:03Z,true
248885636,Hatchback,12.2,miles,41 minutes,2024-03-15T04:16:54Z,false
112262740,Van,16.2,km,35 minutes,2024-12-25T02:39:40Z,true
962867950,Sedan,16.2,km,33 minutes,2024-12-03T03:36:17Z,false
100922615,SUV,24.2,km,12 minutes,2024-06-30T23:18:50Z,false
262200587,Van,23.6,km,13 minutes,2024-11-18T01:43:24Z,true
690789512,Sedan,11.3,km,34 minutes,2024-10-26T14:11:01Z,true
232286065,Sedan,14.1,miles,53 minutes,2024-04-14T13:36:33Z,false
124760772,Hatchback,10.8,miles,52 minutes,2024-04-27T13:01:59Z,true
654798156,Van,4.7,miles,27 minutes,2024-05-11T04:46:20Z,false
152796299,Coupe,10.5,miles,24 minutes,2024-12-29T09:42:19Z,false
233579217,Van,7.4,km,59 minutes,2024-02-27T09:25:17Z,false
821065984,SUV,23.7,km,41 minutes,2024-06-16T05:38:28Z,true
305664923,SUV,15.8,miles,46 minutes,2024-10-30T17:39:00Z,false
650762003,Coupe,28.2,km,17 minutes,2024-08-26T16:04:16Z,true
273529746,Sedan,15.5,miles,43 minutes,2024-10-13T12:20:06Z,true
264912765,Sedan,24.0,km,44 minutes,2024-07-27T20:21:45Z,false
321442781,Van,14.4,miles,33 minutes,2024-10-10T08:37:54Z,true
262638048,Sedan,17.3,km,25 minutes,2024-03-22T05:07:19Z,false
272731612,Sedan,25.0,km,57 minutes,2024-03-20T06:28:14Z,false
147289557,Van,5.7,miles,56 minutes,2024-09-30T02:13:44Z,true
133993046,Coupe,17.1,miles,15 minutes,2024-07-03T11:36:42Z,false
277001156,SUV,20.9,km,53 minutes,2024-09-17T19:06:21Z,true
722259101,SUV,25.7,km,12 minutes,2024-04-25T04:00:05Z,false
956711748,Coupe,3.5,miles,32 minutes,2024-01-14T04:55:16Z,true
699829029,Sedan,17.2,miles,31 minutes,2024-05-11T07:25:25Z,true
483871283,Van,4.0,miles,13 minutes,2024-02-16T19:31:15Z,false
820022229,SUV,27.7,km,27 minutes,2024-04-09T18:11:44Z,false
186839898,Sedan,17.8,miles,13 minutes,2024-03-20T12:42:34Z,false
153274893,Sedan,22.5,km,54 minutes,2024-01-21T20:35:51Z,true
197782371,SUV,12.3,km,52 minutes,2024-04-08T04:31:33Z,false
308433782,Sedan,5.2,miles,60 minutes,2024-10-17T19:26:53Z,false
329693050,Van,3.6,miles,47 minutes,2024-10-01T20:13:00Z,true
988965505,Coupe,13.5,miles,26 minutes,2024-07-27T10:11:18Z,false
249572682,SUV,7.2,km,13 minutes,2024-12-28T22:31:30Z,false
103546128,Van,13.1,miles,24 minutes,2024-04-29T14:34:00Z,false
158736281,Sedan,28.0,km,12 minutes,2024-08-10T23:58:57Z,false
132484653,Coupe,12.6,miles,28 minutes,2024-02-09T11:56:23Z,true
319404293,Hatchback,13.3,km,10 minutes,2024-07-15T22:08:19Z,true
188925936,Sedan,13.8,km,20 minutes,2024-10-21T12:35:43Z,true
204880694,Sedan,7.8,km,45 minutes,2024-10-05T04:20:03Z,true
148077134,Van,27.1,km,26 minutes,2024-12-15T17:04:34Z,true
336885606,Sedan,11.4,miles,31 minutes,2024-07-16T01:30:46Z,false
218251012,SUV,6.4,miles,51 minutes,2024-01-02T10:40:03Z,false
114531976,Van,27.4,km,56 minutes,2024-11-10T00:35:00Z,false
915540669,Van,20.6,km,40 minutes,2024-12-08T15:32:06Z,false
192984915,Sedan,7.1,miles,58 minutes,2024-02-21T12:50:07Z,true
307240201,Van,9.1,miles,29 minutes,2024-03-26T18:44:59Z,true
294735452,Sedan,14.6,miles,45 minutes,2024-08-25T16:30:42Z,true
329306395,Sedan,15.9,km,11 minutes,2024-11-13T08:43:35Z,false
281822028,Hatchback,5.1,km,10 minutes,2024-02-01T01:09:02Z,false
308183413,Hatchback,12.1,km,57 minutes,2024-08-18T19:03:52Z,false
165381969,Van,29.3,km,40 minutes,2024-11-07T02:33:05Z,true
200459658,Van,7.1,miles,51 minutes,2024-03-13T12:15:35Z,false
513309183,Hatchback,6.9,km,27 minutes,2024-09-15T01:46:21Z,true
312883851,Van,10.4,km,22 minutes,2024-06-16T23:01:06Z,true
445886198,Coupe,8.7,miles,25 minutes,2024-11-05T22:42:10Z,true
144219931,Van,8.8,km,31 minutes,2024-12-12T07:12:02Z,false
377533978,Coupe,3.3,miles,53 minutes,2024-02-20T13:22:35Z,true
232795894,SUV,15.9,miles,58 minutes,2024-02-25T02:53:50Z,true
243355421,Sedan,27.7,km,10 minutes,2024-12-05T05:07:35Z,true
126520077,Hatchback,13.5,miles,40 minutes,2024-06-05T11:46:24Z,false
326952138,Sedan,3.6,miles,23 minutes,2024-10-24T16:23:14Z,false
339482991,Coupe,29.3,km,50 minutes,2024-02-01T16:46:32Z,false
202198915,Van,23.1,km,59 minutes,2024-11-14T17:39:30Z,false
506269030,Sedan,15.3,miles,54 minutes,2024-06-16T18:57:01Z,false
131103004,Van,12.4,km,15 minutes,2024-03-15T02:43:23Z,true
186038240,Van,7.1,km,32 minutes,2024-06-29T07:21:31Z,false
283222646,Hatchback,11.2,miles,14 minutes,2024-04-26T17:10:37Z,true
251360443,Sedan,8.8,km,31 minutes,2024-12-07T10:45:16Z,true
260794573,Van,24.5,km,15 minutes,2024-05-14T18:44:50Z,false
266810628,Sedan,26.8,km,59 minutes,2024-04-23T22:30:55Z,true
184843008,SUV,17.2,km,49 minutes,2024-11-11T13:50:26Z,false
596745192,SUV,11.6,miles,14 minutes,2024-09-16T01:11:02Z,true
231310788,SUV,5.2,miles,24 minutes,2024-07-23T08:37:34Z,true
251488958,SUV,12.2,miles,41 minutes,2024-03-05T00:39:37Z,true
196306687,Sedan,18.9,km,42 minutes,2024-08-20T00:22:22Z,false
273121594,Hatchback,21.8,km,50 minutes,2024-06-18T22:54:39Z,false
246247885,Coupe,15.2,miles,43 minutes,2024-12-01T08:36:46Z,false
320516403,Hatchback,22.6,km,42 minutes,2024-02-14T23:08:42Z,true
337440510,Coupe,16.4,miles,45 minutes,2024-03-20T08:40:11Z,true
330456463,Sedan,8.2,miles,56 minutes,2024-04-03T10:22:22Z,true
183853622,Van,25.0,km,48 minutes,2024-02-18T06:01:44Z,false
172212552,Van,16.6,km,11 minutes,2024-07-24T09:28:46Z,false
119116648,Coupe,15.5,km,50 minutes,2024-01-19T20:55:40Z,false
262432685,Coupe,16.2,miles,14 minutes,2024-11-19T03:03:54Z,false
251793331,Van,6.8,km,55 minutes,2024-04-08T14:12:29Z,false
150365635,Coupe,9.5,miles,32 minutes,2024-02-26T15:49:17Z,true
338336884,Hatchback,16.7,miles,12 minutes,2024-07-03T14:00:50Z,true
327089025,Sedan,22.7,km,54 minutes,2024-09-04T18:33:03Z,false
910908606,Hatchback,5.8,miles,30 minutes,2024-04-21T20:44:49Z,true
285388412,Hatchback,25.4,km,59 minutes,2024-07-12T22:33:24Z,false
125579393,Sedan,17.9,km,17 minutes,2024-11-16T04:30:55Z,true
138514523,Van,15.7,km,49 minutes,2024-05-08T22:20:01Z,true
253804379,Van,8.3,miles,59 minutes,2024-08-06T17:55:59Z,true
169561716,Hatchback,16.1,miles,14 minutes,2024-04-13T05:39:27Z,false
260639985,Hatchback,17.3,miles,32 minutes,2024-02-05T23:06:43Z,false
951466189,Hatchback,15.3,miles,20 minutes,2024-08-12T21:33:46Z,false
876579078,Sedan,4.7,miles,31 minutes,2024-11-08T19:00:21Z,false
893354337,Hatchback,13.6,miles,38 minutes,2024-09-10T10:30:25Z,true
208196220,Van,15.5,miles,56 minutes,2024-07-30T17:40:37Z,false
400131738,Van,8.3,km,10 minutes,2024-05-11T12:46:50Z,true
318536531,Sedan,15.3,miles,38 minutes,2024-08-17T19:47:16Z,false
179941396,Sedan,5.3,miles,53 minutes,2024-07-12T04:10:19Z,true
259055294,SUV,10.3,km,35 minutes,2024-11-08T09:06:02Z,true
277853454,Hatchback,3.7,miles,51 minutes,2024-12-16T05:40:30Z,false
157603388,Sedan,9.0,km,12 minutes,2024-08-01T21:07:18Z,true
922390273,Hatchback,20.0,km,44 minutes,2024-11-16T10:07:28Z,false
796036763,SUV,12.1,km,43 minutes,2024-04-12T10:40:28Z,true
140964734,Coupe,12.1,miles,38 minutes,2024-01-27T11:50:55Z,true
542290943,SUV,14.7,miles,36 minutes,2024-07-07T16:38:56Z,true
181728177,Coupe,29.5,km,54 minutes,2024-11-03T20:15:53Z,true
872589033,Hatchback,17.9,km,32 minutes,2024-03-17T18:11:30Z,false
264505291,SUV,7.7,km,46 minutes,2024-11-12T16:01:18Z,false
191020037,SUV,14.4,miles,50 minutes,2024-09-19T07:33:38Z,false
121982314,Hatchback,13.9,miles,28 minutes,2024-05-23T09:21:38Z,true
172627931,Van,13.0,km,31 minutes,2024-09-15T02:05:14Z,false
988632821,Sedan,12.9,miles,21 minutes,2024-01-27T16:03:34Z,false
154547276,Sedan,6.3,km,42 minutes,2024-08-03T16:22:56Z,false
174827002,Hatchback,9.7,miles,15 minutes,2024-08-01T23:56:59Z,true
256785589,SUV,11.2,km,29 minutes,2024-11-20T03:59:51Z,true
195264175,SUV,23.5,km,28 minutes,2024-01-25T05:22:55Z,false
325260735,Sedan,17.5,miles,40 minutes,2024-03-29T08:01:38Z,false
328869223,Van,5.8,miles,19 minutes,2024-12-12T04:10:19Z,true
249150699,Van,9.2,miles,60 minutes,2024-09-23T05:12:21Z,true
718323870,Van,12.7,miles,25 minutes,2024-07-14T18:06:33Z,false
324218379,Sedan,11.0,km,59 minutes,2024-06-06T05:42:45Z,true
180881833,Hatchback,14.2,km,17 minutes,2024-09-30T07:46:46Z,false
204536732,Hatchback,5.2,miles,35 minutes,2024-06-10T13:24:20Z,false
102269133,Coupe,6.6,miles,39 minutes,2024-03-30T18:53:54Z,false
131935447,Coupe,8.4,miles,18 minutes,2024-10-10T14:08:30Z,true
925825903,Sedan,23.6,km,17 minutes,2024-07-11T19:26:13Z,false
213713357,Coupe,11.4,miles,20 minutes,2024-05-16T16:04:40Z,true
240206131,Hatchback,6.3,km,55 minutes,2024-08-23T23:22:55Z,false
271610930,Hatchback,11.8,miles,12 minutes,2024-07-23T09:50:00Z,true
258178058,SUV,15.6,miles,14 minutes,2024-01-30T19:45:56Z,false
173412838,Coupe,14.5,km,43 minutes,2024-08-14T21:56:43Z,false
997685889,Van,10.2,miles,10 minutes,2024-08-14T16:09:47Z,true
114548374,Hatchback,12.1,km,50 minutes,2024-05-22T16:25:49Z,true
195249257,SUV,16.2,km,55 minutes,2024-03-19T16:26:16Z,false
161087941,Van,3.1,miles,37 minutes,2024-10-24T05:43:11Z,true
240486838,Hatchback,14.3,km,54 minutes,2024-01-19T03:46:17Z,false
770327937,Hatchback,10.7,miles,43 minutes,2024-12-05T01:24:11Z,false
408417709,Coupe,22.6,km,51 minutes,2024-06-11T07:54:49Z,false
996201845,Coupe,6.9,miles,37 minutes,2024-01-15T00:30:07Z,true
284706998,SUV,14.0,miles,15 minutes,2024-04-01T12:31:47Z,false
333955558,Sedan,9.8,miles,21 minutes,2024-06-09T17:00:21Z,false
315593417,Sedan,17.0,miles,54 minutes,2024-10-09T19:18:40Z,true
236463573,SUV,17.6,km,20 minutes,2024-12-12T20:02:02Z,false
323818252,Van,4.4,miles,24 minutes,2024-03-25T08:57:39Z,true
299451969,Sedan,19.9,km,25 minutes,2024-12-29T02:01:50Z,false
129877203,SUV,4.9,miles,27 minutes,2024-10-24T22:22:25Z,false
194281840,Coupe,17.0,miles,40 minutes,2024-11-03T22:51:36Z,false
681691691,SUV,5.4,km,46 minutes,2024-11-26T16:29:55Z,false
554516611,Van,18.6,km,18 minutes,2024-09-20T02:48:17Z,true
141578534,Van,11.8,miles,58 minutes,2024-12-05T16:33:28Z,true
215302950,Sedan,14.7,miles,28 minutes,2024-11-04T08:01:14Z,false
252631098,Coupe,23.0,km,27 minutes,2024-04-01T15:38:03Z,false
571690604,Coupe,12.0,miles,31 minutes,2024-03-21T05:47:26Z,true
225070433,Hatchback,11.4,km,42 minutes,2024-06-20T20:52:34Z,false
161649293,Hatchback,19.6,km,43 minutes,2024-02-28T17:21:09Z,false
241079155,Hatchback,11.7,miles,29 minutes,2024-04-19T16:51:15Z,true
196336037,Sedan,20.7,km,27 minutes,2024-08-27T08:28:50Z,false
181050394,Coupe,8.7,miles,14 minutes,2024-03-05T00:24:17Z,false
637709430,Sedan,7.6,km,18 minutes,2024-08-03T08:26:22Z,true
723332851,Hatchback,18.8,km,60 minutes,2024-04-05T00:09:26Z,false
140462629,Coupe,17.3,miles,37 minutes,2024-06-03T18:38:26Z,false
128690640,Van,7.2,miles,35 minutes,2024-05-25T03:47:14Z,true
208313991,Van,14.9,miles,39 minutes,2024-11-07T09:08:46Z,true
200648848,Hatchback,13.5,miles,16 minutes,2024-06-30T04:50:17Z,true
473438227,Van,14.8,km,40 minutes,2024-03-21T11:34:32Z,false
251603020,Sedan,17.0,miles,51 minutes,2024-12-30T20:52:08Z,false
334341115,Coupe,13.2,km,55 minutes,2024-04-16T17:30:06Z,true
153907800,Sedan,11.8,km,56 minutes,2024-10-05T15:35:49Z,false
173976185,Van,17.4,miles,32 minutes,2024-05-26T17:34:59Z,false
878242847,Van,15.4,miles,21 minutes,2024-04-21T23:36:29Z,false
231281178,Sedan,14.4,km,30 minutes,2024-10-11T08:52:26Z,true
915972470,Van,12.5,miles,54 minutes,2024-08-16T11:39:19Z,false
182829020,Sedan,11.1,miles,51 minutes,2024-01-28T13:05:00Z,true
500047226,Van,14.8,km,26 minutes,2024-12-02T15:57:39Z,false
989334568,Hatchback,14.7,miles,10 minutes,2024-11-08T03:19:04Z,true
117614822,Sedan,8.3,miles,29 minutes,2024-12-13T16:10:36Z,false
196452846,SUV,26.4,km,13 minutes,2024-11-06T22:27:08Z,false
588127694,Sedan,6.3,km,23 minutes,2024-11-27T23:10:58Z,false
529727782,Coupe,14.5,miles,60 minutes,2024-07-04T22:02:06Z,true
207378975,Sedan,7.5,miles,21 minutes,2024-11-16T17:32:05Z,true
380367850,Hatchback,19.1,km,59 minutes,2024-11-17T18:15:07Z,false
736507606,Coupe,11.2,km,30 minutes,2024-05-04T10:44:44Z,false
262457856,Sedan,24.8,km,16 minutes,2024-03-26T09:33:38Z,true
269462284,SUV,8.7,miles,21 minutes,2024-02-01T00:55:30Z,false
773871947,SUV,14.1,km,34 minutes,2024-06-17T04:51:57Z,true
311702305,Sedan,11.9,km,13 minutes,2024-04-10T17:36:20Z,true
239976507,SUV,23.4,km,23 minutes,2024-06-12T21:16:23Z,true
104135524,Sedan,12.7,miles,47 minutes,2024-01-01T18:29:47Z,false
855131033,Sedan,14.2,km,44 minutes,2024-09-16T16:22:38Z,false
109050065,Sedan,11.6,miles,51 minutes,2024-07-02T08:55:29Z,true
375298087,Coupe,15.3,km,46 minutes,2024-10-29T09:12:52Z,false
321840067,Hatchback,16.7,miles,43 minutes,2024-12-19T08:11:46Z,false
264613326,Van,14.0,miles,24 minutes,2024-08-07T03:55:31Z,true
787605994,Hatchback,11.6,miles,21 minutes,2024-08-19T15:13:22Z,true
553763184,Coupe,23.7,km,35 minutes,2024-02-13T21:28:25Z,true
802834507,Hatchback,10.0,miles,56 minutes,2024-03-26T17:08:06Z,true
953108565,SUV,12.0,miles,34 minutes,2024-08-27T03:43:17Z,true
150896957,Van,7.9,miles,32 minutes,2024-10-21T15:31:03Z,false
295713311,Coupe,28.1,km,29 minutes,2024-05-19T07:10:11Z,true
294222421,SUV,8.4,miles,38 minutes,2024-11-16T20:11:43Z,false
573285156,Sedan,13.8,miles,17 minutes,2024-12-14T04:03:12Z,false
130653032,Coupe,3.5,miles,39 minutes,2024-06-29T20:14:58Z,true
130355296,Sedan,23.0,km,54 minutes,2024-11-13T13:39:01Z,true
692411080,Coupe,6.4,miles,39 minutes,2024-12-30T12:09:48Z,false
280489393,Hatchback,8.9,miles,26 minutes,2024-05-07T18:05:28Z,false
201458569,Coupe,19.7,km,44 minutes,2024-11-18T04:26:47Z,false
502293494,Hatchback,18.3,km,50 minutes,2024-05-26T03:59:58Z,false
115812634,Sedan,4.1,miles,40 minutes,2024-05-03T03:40:39Z,false
253909814,Sedan,17.8,km,17 minutes,2024-08-26T06:21:10Z,true
135770237,Hatchback,24.9,km,21 minutes,2024-07-22T17:47:59Z,false
119280755,Sedan,9.9,miles,15 minutes,2024-08-21T13:27:24Z,true
207345610,Sedan,16.8,miles,13 minutes,2024-06-01T06:14:20Z,false
211975240,SUV,17.0,km,45 minutes,2024-02-23T03:54:36Z,true
310518632,Sedan,25.9,km,60 minutes,2024-12-01T21:47:52Z,true
376961746,Hatchback,25.5,km,43 minutes,2024-09-16T14:20:58Z,true
963353529,Sedan,10.2,miles,32 minutes,2024-05-15T07:53:03Z,true
180465198,Hatchback,5.9,miles,50 minutes,2024-06-21T21:46:46Z,false
270698799,Sedan,8.8,miles,47 minutes,2024-01-06T18:42:18Z,false
179517587,Sedan,4.9,miles,15 minutes,2024-07-22T23:05:02Z,true
454188220,Van,4.0,miles,41 minutes,2024-09-07T04:55:25Z,false
825038462,Van,14.9,km,41 minutes,2024-01-13T23:56:52Z,true
789904038,Sedan,25.2,km,34 minutes,2024-02-13T10:43:45Z,true
373915820,SUV,23.2,km,36 minutes,2024-02-13T07:32:56Z,true
293333069,Hatchback,27.8,km,18 minutes,2024-05-01T16:38:27Z,true
852184998,Coupe,3.7,miles,39 minutes,2024-06-17T22:01:30Z,false
204550828,Van,17.5,miles,18 minutes,2024-04-07T12:20:26Z,false
191446673,SUV,16.9,miles,23 minutes,2024-02-15T12:55:00Z,true
168218512,SUV,7.8,miles,31 minutes,2024-12-06T08:48:02Z,false
253727433,SUV,5.8,miles,53 minutes,2024-06-07T17:41:47Z,true
991336897,SUV,17.2,miles,29 minutes,2024-11-27T19:36:06Z,true
458923585,Sedan,15.3,miles,26 minutes,2024-08-11T16:01:38Z,false
180990062,Coupe,9.2,miles,25 minutes,2024-04-22T09:32:26Z,false
246362934,Coupe,18.6,km,59 minutes,2024-10-20T20:39:34Z,true
968897986,SUV,25.4,km,44 minutes,2024-07-08T07:03:29Z,false
306357641,Sedan,10.5,km,25 minutes,2024-11-29T20:38:10Z,false
206130837,Hatchback,11.4,km,39 minutes,2024-11-03T11:32:01Z,true
175843605,Coupe,3.7,miles,41 minutes,2024-06-14T11:55:59Z,false
278793865,Sedan,5.1,miles,35 minutes,2024-04-04T07:59:35Z,true
167242990,SUV,11.7,km,28 minutes,2024-02-26T21:45:33Z,true
267268433,Van,8.6,miles,20 minutes,2024-12-11T00:09:11Z,true
285534648,Coupe,16.7,miles,60 minutes,2024-03-15T14:35:02Z,true
971073699,Hatchback,10.9,miles,33 minutes,2024-11-13T16:05:26Z,true
141438832,SUV,14.0,miles,35 minutes,2024-04-23T03:06:54Z,false
115115348,Sedan,6.8,miles,55 minutes,2024-10-05T22:26:29Z,true
132914501,Sedan,10.1,km,35 minutes,2024-04-04T11:12:46Z,true
896798569,Sedan,4.0,miles,27 minutes,2024-10-17T23:34:01Z,false
305905939,SUV,16.4,km,29 minutes,2024-11-17T22:47:58Z,true
206047248,Sedan,11.7,km,32 minutes,2024-02-28T06:56:51Z,false
107682685,Coupe,11.8,km,12 minutes,2024-02-14T23:50:10Z,false
342992315,Coupe,12.7,km,20 minutes,2024-11-22T11:14:13Z,true
303384812,Hatchback,6.0,miles,24 minutes,2024-01-20T21:23:14Z,false
864171495,Van,10.1,miles,40 minutes,2024-09-03T04:13:57Z,true
321643584,Sedan,24.2,km,41 minutes,2024-03-27T00:39:40Z,false
117488207,SUV,5.2,miles,15 minutes,2024-01-11T12:09:46Z,true
100963871,Van,14.2,miles,46 minutes,2024-05-31T23:28:22Z,true
238718503,SUV,16.1,miles,24 minutes,2024-04-16T04:37:46Z,false
762188467,Van,9.2,miles,13 minutes,2024-04-17T01:01:53Z,true
224292453,Hatchback,8.8,km,28 minutes,2024-12-08T05:52:46Z,true
213685527,Sedan,12.6,km,15 minutes,2024-03-14T15:36:13Z,false
119986551,Sedan,5.2,miles,60 minutes,2024-09-07T20:19:22Z,false
282807568,SUV,12.5,miles,56 minutes,2024-06-19T22:07:41Z,false
253300311,SUV,14.1,miles,17 minutes,2024-09-15T05:09:54Z,true
262129406,Hatchback,3.3,miles,12 minutes,2024-11-14T16:24:47Z,false
117070982,Hatchback,7.5,miles,18 minutes,2024-11-10T06:19:49Z,false
973455423,Hatchback,19.2,km,26 minutes,2024-03-18T19:41:48Z,false
159788937,SUV,11.9,km,53 minutes,2024-04-04T09:56:04Z,false
167805719,SUV,17.7,miles,13 minutes,2024-02-26T20:56:59Z,true
158222324,Sedan,14.3,miles,37 minutes,2024-10-10T05:59:17Z,true
735283439,Hatchback,22.1,km,48 minutes,2024-08-09T00:03:19Z,true
661507820,Coupe,11.4,miles,12 minutes,2024-05-10T11:41:19Z,false
124073901,Coupe,14.1,km,45 minutes,2024-09-21T02:54:03Z,true
152720316,SUV,17.1,miles,47 minutes,2024-09-28T20:24:35Z,false
140154453,Hatchback,20.2,km,29 minutes,2024-08-11T23:36:26Z,true
118815170,Coupe,9.5,miles,45 minutes,2024-07-08T02:20:05Z,false
961115584,Coupe,16.4,miles,40 minutes,2024-01-28T15:51:31Z,false
995054107,Sedan,8.4,km,18 minutes,2024-10-05T15:54:46Z,false
223494057,Coupe,5.1,km,50 minutes,2024-08-25T14:41:43Z,false
261908315,Hatchback,13.5,miles,50 minutes,2024-11-05T14:11:05Z,true
982155897,Van,17.8,miles,55 minutes,2024-07-22T07:37:10Z,true
310702529,Sedan,11.0,km,31 minutes,2024-03-14T20:53:43Z,false
295515797,Van,9.1,km,37 minutes,2024-09-22T05:59:40Z,false
169556293,Coupe,5.0,miles,21 minutes,2024-01-15T19:07:02Z,true
668964149,SUV,17.9,km,50 minutes,2024-07-01T05:36:13Z,false
144294888,Hatchback,5.0,miles,52 minutes,2024-07-18T07:19:13Z,false
279566699,Coupe,13.6,miles,38 minutes,2024-03-22T09:23:26Z,false
322718979,Coupe,16.8,miles,52 minutes,2024-10-18T00:35:36Z,false
235393676,Sedan,5.4,km,39 minutes,2024-06-27T14:54:02Z,false
420328520,Hatchback,7.7,miles,31 minutes,2024-09-14T22:22:45Z,false
242421303,Van,4.9,miles,43 minutes,2024-01-20T14:46:31Z,true
200602258,Hatchback,12.9,miles,22 minutes,2024-07-04T05:04:37Z,true
372724568,Van,16.3,km,52 minutes,2024-01-30T14:26:41Z,true
182679674,Coupe,9.6,miles,20 minutes,2024-06-14T17:38:26Z,true
511460577,Van,28.2,km,51 minutes,2024-11-16T05:11:12Z,true
487798751,SUV,10.2,miles,49 minutes,2024-09-29T15:29:20Z,false
141649981,Sedan,7.9,miles,13 minutes,2024-10-15T10:47:27Z,false
400119966,Sedan,8.8,miles,26 minutes,2024-03-22T14:40:24Z,true
857504553,Hatchback,13.8,miles,16 minutes,2024-09-10T07:42:07Z,false
284855749,SUV,7.5,miles,15 minutes,2024-12-24T12:45:56Z,true
122056257,SUV,14.0,miles,22 minutes,2024-12-26T10:19:12Z,true
758493151,Van,24.7,km,46 minutes,2024-01-14T07:10:46Z,true
688148108,Coupe,13.9,km,20 minutes,2024-11-17T03:14:37Z,true
619544195,Coupe,15.3,miles,30 minutes,2024-03-07T17:06:39Z,false
667098620,Coupe,5.7,miles,12 minutes,2024-05-10T01:19:05Z,false
739594248,Sedan,24.1,km,19 minutes,2024-09-12T15:52:14Z,true
988204848,SUV,18.8,km,31 minutes,2024-01-05T06:48:57Z,true
196829907,Van,5.8,miles,21 minutes,2024-11-16T21:22:51Z,false
288188030,Sedan,13.6,km,57 minutes,2024-03-08T19:50:35Z,false
281157852,Sedan,18.1,km,39 minutes,2024-11-01T00:27:16Z,false
560562117,Sedan,15.2,miles,23 minutes,2024-12-07T08:13:02Z,true
121774380,SUV,13.9,km,33 minutes,2024-03-21T17:43:09Z,true
281818824,Van,11.6,miles,21 minutes,2024-08-19T15:47:32Z,true
266035266,Sedan,14.3,miles,50 minutes,2024-02-25T20:55:36Z,false
587668659,SUV,29.3,km,22 minutes,2024-03-29T06:51:17Z,true
297010479,Hatchback,27.9,km,52 minutes,2024-03-25T02:30:45Z,false
110225485,Van,16.2,miles,51 minutes,2024-11-25T19:45:47Z,false
519431636,Hatchback,9.7,miles,11 minutes,2024-12-11T18:02:20Z,true
164461142,SUV,29.3,km,17 minutes,2024-10-16T20:28:54Z,false
259629911,SUV,16.9,miles,19 minutes,2024-12-24T20:19:58Z,true
710178619,SUV,12.5,miles,26 minutes,2024-07-26T12:42:54Z,false
167963526,Sedan,13.4,km,22 minutes,2024-12-26T11:56:48Z,false
559423853,Hatchback,20.9,km,29 minutes,2024-04-28T03:15:08Z,true
331988518,SUV,6.1,miles,33 minutes,2024-09-14T13:58:19Z,true
318410021,SUV,17.3,miles,28 minutes,2024-03-19T19:38:15Z,false
765635733,Hatchback,5.1,miles,51 minutes,2024-05-02T12:08:55Z,true
539167767,Coupe,22.4,km,45 minutes,2024-04-21T01:55:49Z,false
275615103,Van,16.3,km,30 minutes,2024-11-10T03:01:51Z,true
272886436,Hatchback,11.3,miles,50 minutes,2024-07-15T01:13:29Z,true
411316750,Sedan,12.9,miles,44 minutes,2024-08-18T00:04:35Z,false
303403889,Hatchback,4.0,miles,27 minutes,2024-09-26T00:28:43Z,true
104672935,Coupe,10.2,km,60 minutes,2024-07-16T06:31:12Z,false
176478311,SUV,9.5,miles,15 minutes,2024-03-12T23:47:59Z,false
130891173,Coupe,3.8,miles,41 minutes,2024-07-24T01:32:14Z,true
127447068,Coupe,17.2,km,57 minutes,2024-01-22T08:45:39Z,false
246878260,Hatchback,14.9,miles,57 minutes,2024-10-22T03:30:35Z,false
217039774,Sedan,9.5,miles,31 minutes,2024-05-13T05:04:19Z,true
204549165,Coupe,5.9,km,17 minutes,2024-10-28T16:09:40Z,false
182361613,Sedan,12.6,miles,60 minutes,2024-01-19T11:33:04Z,true
253506067,Coupe,22.1,km,14 minutes,2024-01-03T12:11:07Z,false
243530816,Coupe,25.5,km,17 minutes,2024-08-21T05:57:58Z,true
540769492,Hatchback,8.8,miles,13 minutes,2024-08-05T11:37:22Z,true
273558105,Sedan,14.1,miles,20 minutes,2024-09-29T19:58:39Z,true
480919437,SUV,12.5,km,18 minutes,2024-02-10T04:16:27Z,true
277981610,Hatchback,5.5,miles,58 minutes,2024-09-20T22:28:07Z,true
330473211,Sedan,12.2,miles,37 minutes,2024-03-05T04:37:55Z,false
914263125,Hatchback,8.0,miles,34 minutes,2024-08-13T15:38:21Z,true
233747782,SUV,15.2,miles,33 minutes,2024-08-08T17:31:12Z,true
279628976,Hatchback,16.2,miles,17 minutes,2024-09-25T18:09:25Z,false
789017908,Hatchback,6.0,km,30 minutes,2024-10-02T01:00:44Z,false
135185862,Coupe,8.8,miles,22 minutes,2024-07-08T22:26:50Z,false
218798135,SUV,5.1,km,52 minutes,2024-10-29T14:20:59Z,true
129816755,Hatchback,26.4,km,48 minutes,2024-02-04T02:45:49Z,false
484863693,Van,14.6,km,35 minutes,2024-09-26T00:43:49Z,false
129615108,Hatchback,10.9,km,25 minutes,2024-01-13T14:53:31Z,false
197515530,Coupe,5.6,miles,22 minutes,2024-01-27T06:53:01Z,false
114174618,Van,7.7,miles,21 minutes,2024-05-07T06:29:11Z,false
505634246,Van,7.2,miles,16 minutes,2024-07-08T15:38:10Z,false
211755467,Sedan,6.0,km,20 minutes,2024-07-04T13:38:32Z,false
125039905,SUV,25.8,km,11 minutes,2024-08-04T04:31:36Z,false
923039181,Sedan,14.4,miles,53 minutes,2024-08-05T12:44:05Z,true
433372583,SUV,8.3,miles,25 minutes,2024-11-06T17:07:02Z,false
260092391,Van,4.0,miles,52 minutes,2024-02-05T08:27:42Z,false
153482832,Van,14.5,miles,38 minutes,2024-03-03T08:29:38Z,false
185307558,Hatchback,5.3,miles,30 minutes,2024-11-04T17:43:57Z,false
213295841,Sedan,24.1,km,34 minutes,2024-11-13T23:23:45Z,false
592266598,Van,14.8,miles,54 minutes,2024-11-13T12:10:12Z,true
321428320,Van,14.5,miles,42 minutes,2024-07-13T17:09:30Z,false
310898963,Sedan,12.2,miles,54 minutes,2024-06-04T08:51:15Z,false
222480640,Coupe,7.9,km,46 minutes,2024-11-04T02:32:03Z,true
132197067,Coupe,13.7,km,42 minutes,2024-07-10T17:02:59Z,false
231368321,Coupe,4.2,miles,38 minutes,2024-08-15T12:05:54Z,true
653131831,Van,5.3,miles,10 minutes,2024-12-24T09:44:35Z,true
145908571,SUV,15.3,miles,42 minutes,2024-10-22T12:03:52Z,true
184407031,Sedan,9.6,km,46 minutes,2024-08-16T11:36:57Z,true
306727076,Hatchback,7.7,km,55 minutes,2024-10-13T16:15:29Z,false
172581485,Hatchback,15.5,miles,55 minutes,2024-06-08T05:00:18Z,false
908737438,Van,11.7,km,43 minutes,2024-01-20T02:58:42Z,true
319818325,SUV,16.9,miles,39 minutes,2024-04-29T18:38:27Z,false
310283620,Coupe,21.9,km,22 minutes,2024-08-04T08:13:42Z,false
989812096,Coupe,17.5,km,29 minutes,2024-03-26T18:12:52Z,false
264845238,Sedan,6.1,miles,40 minutes,2024-01-31T02:00:00Z,true
150659177,Van,13.8,miles,29 minutes,2024-04-04T14:02:11Z,false
283006788,Van,10.9,miles,27 minutes,2024-06-05T14:35:25Z,false
331610532,Hatchback,19.4,km,25 minutes,2024-07-17T09:26:33Z,false
322607204,SUV,4.0,miles,30 minutes,2024-06-01T04:35:39Z,true
251211747,Sedan,4.8,miles,18 minutes,2024-01-05T21:13:33Z,true
339197830,Coupe,24.1,km,40 minutes,2024-01-29T00:04:40Z,false
339050115,Van,17.5,miles,57 minutes,2024-01-28T12:58:59Z,true
208602066,Hatchback,16.8,km,14 minutes,2024-01-24T05:25:01Z,false
267931677,Coupe,15.9,km,48 minutes,2024-07-11T06:34:53Z,false
276838960,Coupe,18.3,km,41 minutes,2024-07-24T21:09:06Z,false
166038773,Coupe,21.3,km,46 minutes,2024-03-24T02:37:30Z,true
533138520,Sedan,5.4,km,53 minutes,2024-07-19T03:09:39Z,false
261276744,Van,11.4,miles,30 minutes,2024-11-24T23:41:10Z,false
249671103,SUV,10.2,miles,48 minutes,2024-05-27T15:20:03Z,true
186032426,Hatchback,25.4,km,15 minutes,2024-10-03T10:18:12Z,false
165358079,Coupe,15.5,miles,14 minutes,2024-05-09T02:40:03Z,true
338052682,Coupe,17.3,miles,38 minutes,2024-03-25T10:52:11Z,false
223684490,Sedan,10.9,km,12 minutes,2024-05-09T05:02:48Z,false
263831011,Hatchback,13.1,miles,52 minutes,2024-12-08T17:40:45Z,true
134630011,Sedan,29.7,km,48 minutes,2024-06-17T06:35:44Z,true
765167013,SUV,29.1,km,29 minutes,2024-07-18T10:26:09Z,true
538643681,SUV,12.0,km,30 minutes,2024-10-04T14:28:54Z,false
384893691,Sedan,7.5,km,55 minutes,2024-07-08T06:47:55Z,false
167370516,Hatchback,6.0,miles,52 minutes,2024-11-15T13:22:02Z,false
286267195,Sedan,25.8,km,36 minutes,2024-11-01T20:43:17Z,false
132065268,SUV,4.2,miles,58 minutes,2024-04-11T06:00:04Z,false
198719820,Sedan,6.7,miles,26 minutes,2024-03-01T07:35:42Z,false
101063821,SUV,29.4,km,20 minutes,2024-05-25T12:33:53Z,true
222295908,Hatchback,15.9,miles,40 minutes,2024-07-21T01:23:27Z,false
214096506,Van,29.4,km,57 minutes,2024-03-17T13:22:45Z,false
252619244,Coupe,17.0,miles,16 minutes,2024-05-13T06:31:33Z,false
285058343,Hatchback,14.5,miles,20 minutes,2024-06-26T04:32:54Z,true
138021720,Sedan,7.4,miles,54 minutes,2024-07-07T12:46:29Z,true
630482101,Van,11.8,km,45 minutes,2024-03-12T21:35:44Z,false
248706394,Coupe,10.3,miles,13 minutes,2024-08-06T16:56:11Z,false
306120614,SUV,7.9,km,45 minutes,2024-12-18T02:46:30Z,false
782504627,Hatchback,3.8,miles,38 minutes,2024-01-21T05:32:22Z,true
219196969,Hatchback,15.9,miles,49 minutes,2024-01-22T08:21:04Z,true
127805286,Coupe,12.4,km,46 minutes,2024-10-13T02:40:12Z,false
332257530,Van,7.9,km,45 minutes,2024-11-06T01:56:17Z,true
139937332,SUV,5.7,km,22 minutes,2024-02-24T16:19:44Z,true
213824239,SUV,11.7,km,39 minutes,2024-09-27T01:35:13Z,false
140547684,Hatchback,4.5,miles,47 minutes,2024-01-25T17:44:36Z,false
301873786,Sedan,28.8,km,40 minutes,2024-02-26T06:29:11Z,true
334863813,Coupe,8.0,miles,38 minutes,2024-09-07T00:59:24Z,true
215095702,Van,9.0,miles,59 minutes,2024-06-05T06:50:14Z,true
110097080,Coupe,16.8,miles,23 minutes,2024-12-08T07:06:22Z,true
220938176,Van,25.3,km,32 minutes,2024-06-12T10:52:00Z,true
244642660,SUV,16.8,miles,28 minutes,2024-03-13T05:04:06Z,false
998560722,Sedan,5.8,km,45 minutes,2024-06-07T17:04:42Z,true
820164904,Sedan,15.8,miles,13 minutes,2024-10-09T05:04:37Z,true
269891592,Coupe,24.9,km,60 minutes,2024-01-07T02:25:11Z,true
132984424,Hatchback,9.2,miles,48 minutes,2024-01-22T15:15:33Z,false
296468716,Sedan,7.9,miles,47 minutes,2024-05-07T00:11:12Z,false
172285618,Van,4.7,miles,29 minutes,2024-07-24T22:54:16Z,false
435315775,Coupe,15.9,km,39 minutes,2024-10-03T17:03:55Z,false
485937452,Hatchback,22.1,km,40 minutes,2024-07-09T00:42:22Z,true
243746388,Coupe,22.4,km,57 minutes,2024-02-29T23:18:44Z,true
155229010,Van,10.7,miles,35 minutes,2024-03-02T14:45:01Z,true
305784801,SUV,12.4,miles,53 minutes,2024-02-19T09:31:01Z,true
339982900,Sedan,19.8,km,40 minutes,2024-08-07T07:20:37Z,false
